{
  "model_names": [
    "LR (TF-IDF)",
    "SGD (TF-IDF)",
    "LightGBM (TF-IDF)",
    "DeBERTa-v3-base"
  ],
  "weights": [
    0.01776092381959679,
    0.0,
    0.9816513721722779,
    0.0005877040081252584
  ],
  "individual_aucs": {
    "LR (TF-IDF)": 0.999621135241188,
    "SGD (TF-IDF)": 0.9995598596654005,
    "LightGBM (TF-IDF)": 0.9995789317689054,
    "DeBERTa-v3-base": 0.9971616392988425
  },
  "simple_avg_auc": 0.9993258398007738,
  "ensemble_auc": 0.9997120498967464
}