{
  "model_names": [
    "LR (TF-IDF)",
    "SGD (TF-IDF)",
    "LightGBM (TF-IDF)",
    "DeBERTa-v3-base"
  ],
  "weights": [
    0.03587432391570023,
    0.0,
    0.751251104626986,
    0.2128745714573137
  ],
  "individual_aucs": {
    "LR (TF-IDF)": 0.999621135241188,
    "SGD (TF-IDF)": 0.9995598596654005,
    "LightGBM (TF-IDF)": 0.9995789317689054,
    "DeBERTa-v3-base": 0.5
  },
  "simple_avg_auc": 0.9996172048414792,
  "ensemble_auc": 0.9997010963237877
}